<?xml version="1.0" encoding="UTF-8" standalone="yes"?>
<addon id="plugin.video.tvmasplus" name="Tvmasplus" version="1.0.2" provider-name="Maximus">
  <requires>
    <import addon="xbmc.python" version="2.1.0"/>
    <import addon="script.module.beautifulsoup" version="3.2.1"/>
    <import addon="script.module.simple.downloader" version="0.9.4"/>
    <import addon="script.module.beautifulsoup4" />
    <import addon="script.module.simple.downloader" version="0.9.4"/>
    <import addon="script.module.requests" />
    <import addon="script.module.httplib2" />
    <import addon="script.module.youtube.dl" optional="true"/>
    <import addon="plugin.video.youtube" />
    <import addon="script.module.urlresolver" optional="true"/>
    <import addon="script.module.simplejson" />    
  </requires>
  <extension point="xbmc.python.pluginsource" library="default.py">
    <provides>video</provides>
  </extension>
  <extension point="xbmc.addon.metadata">
    <summary>Basado en Livestream modificado por usuarios independientes</summary>
    <description lang="en">Modificado para ser usado por Tvmasplus para su distribucion independiente</description>
    <disclaimer lang="en">Using this add-on is free and at your own risk if the law prohibits the use </disclaimer>
		<disclaimer lang="es">Bajo riesgo propio y no del autor</disclaimer>
    <platform>all</platform>
  </extension>
</addon>
