<?xml version="1.0" encoding="UTF-8" standalone="yes"?>
<addon id="plugin.video.tvmasplus" name="[COLOR lime]*Tvmasplus La TV como la querias[/COLOR][COLOR white]VER!*[/COLOR]" version="1.0.6" provider-name="Maximus">
  <requires>
    <import addon="xbmc.python" version="2.1.0"/>
    <import addon="script.module.beautifulsoup" version="3.2.1"/>
    <import addon="script.module.simple.downloader" version="0.9.4"/>
    <import addon="script.module.beautifulsoup4" />
    <import addon="script.module.simple.downloader" version="0.9.4"/>
    <import addon="script.module.requests" />
    <import addon="script.module.httplib2" />
    <import addon="script.module.youtube.dl" optional="true"/>
    <import addon="plugin.video.youtube" />
    <import addon="script.module.urlresolver" optional="true"/>
    <import addon="script.module.simplejson" />    
  </requires>
  <extension point="xbmc.python.pluginsource" library="default.py">
    <provides>video</provides>
  </extension>
  <extension point="xbmc.addon.metadata">
    <summary>[COLOR skyblue]Basado en Livestream[/COLOR]</summary>
    <description lang="en">[COLOR skyblue]Watch TV shows and movies recommended just for you,original series, movies, and documentaries.[/COLOR]</description>
    <disclaimer lang="en">[COLOR sky]Using this add-on is free and at your own risk if the law prohibits the use [/COLOR]</disclaimer>
		<disclaimer lang="es">[COLOR red]El uso de este addon es bajo su propia responsabilidad[/COLOR]</disclaimer>
    <platform>all</platform>
  </extension>
</addon>
