<?xml version="1.0" encoding="UTF-8" standalone="yes"?>
<addon id="plugin.video.A1-LIVE-TV" name="[COLOR skyblue]A1 LIVE TV[/COLOR]" version="1.0.0" provider-name="white Night">
  <requires>
    <import addon="xbmc.python" version="2.1.0"/>
    <import addon="script.module.beautifulsoup" version="3.2.1"/>
    <import addon="script.module.simple.downloader" version="0.9.4"/>
    <import addon="script.module.beautifulsoup4" />
    <import addon="script.module.simple.downloader" version="0.9.4"/>
    <import addon="script.module.requests" />
    <import addon="script.module.httplib2" />
    <import addon="script.module.youtube.dl" optional="true"/>
    <import addon="plugin.video.youtube" />
    <import addon="script.module.urlresolver" optional="true"/>
    <import addon="script.module.simplejson" />    
  </requires>
  <extension point="xbmc.python.pluginsource" library="default.py">
    <provides>video</provides>
  </extension>
  <extension point="xbmc.addon.metadata">
    <summary>livestream tv</summary>
    <description lang="en">Watch TV shows and movies recommended just for you,original series, movies, and documentaries.</description>
    <disclaimer lang="en">Using this add-on is free and at your own risk if the law prohibits the use </disclaimer>
		<disclaimer lang="es">Do not copyright</disclaimer>
    <platform>all</platform>
  </extension>
</addon>
