<?xml version="1.0" encoding="UTF-8" standalone="yes"?>
<addon id="repository.White Night" name="White Night Addons Repositorio" version="1.0.0" provider-name="White Night">
        <extension point="xbmc.addon.repository" name="White Night Addons Repositorio">
                <info compressed="false">https://raw.githubusercontent.com/xbmex/white-Night/master/addons.xml</info>
                <checksum>https://raw.githubusercontent.com/xbmex/white-Night/master/addons.xml.md5</checksum>
                <datadir zip="true">https://raw.githubusercontent.com/xbmex/white-Night/master/</datadir>
        </extension>
        <extension point="xbmc.addon.metadata">
                <summary>White Night Addons Repositorio</summary>
                <description>Watch TV shows and movies recommended just for you,original series, movies, and documentaries.</description>
                <platform>all</platform>
        </extension>
</addon>